{"cameraMode":{"drawMode":0,"name":"Shaded","section":"Shading Mode"},"sceneLighting":false,"audioPlay":false,"sceneViewState":{"showFog":true,"showMaterialUpdate":false,"showSkybox":true,"showFlares":true,"showImageEffects":true,"showParticleSystems":true},"in2DMode":false,"pivot":{"x":-2.796006441116333,"y":0.6540590524673462,"z":-0.4896214008331299},"rotation":{"x":-0.0346677228808403,"y":0.9081631898880005,"z":-0.07674667984247208,"w":-0.4101426899433136},"size":4.131274700164795,"orthographic":false}